{
  "avg_precision": 0.6462066939390347,
  "best_params": {
    "model__C": 0.1,
    "model__l1_ratio": 0.0
  },
  "brier": 0.18196454432070447,
  "confusion_at_thresholds": {
    "0.2": {
      "accuracy": 0.46,
      "fn": 3,
      "fp": 105,
      "threshold": 0.2,
      "tn": 35,
      "tp": 57
    },
    "0.35": {
      "accuracy": 0.61,
      "fn": 8,
      "fp": 70,
      "threshold": 0.35,
      "tn": 70,
      "tp": 52
    },
    "0.5": {
      "accuracy": 0.725,
      "fn": 13,
      "fp": 42,
      "threshold": 0.5,
      "tn": 98,
      "tp": 47
    }
  },
  "default_rate": 0.3,
  "model_name": "logreg",
  "model_version": "20260201_203456_27e581b",
  "n": 200,
  "roc_auc": 0.809404761904762,
  "roc_curve": {
    "fpr": [
      0.0,
      0.007142857142857143,
      0.007142857142857143,
      0.014285714285714285,
      0.014285714285714285,
      0.02142857142857143,
      0.02142857142857143,
      0.02857142857142857,
      0.02857142857142857,
      0.03571428571428571,
      0.03571428571428571,
      0.04285714285714286,
      0.04285714285714286,
      0.05,
      0.05,
      0.05714285714285714,
      0.05714285714285714,
      0.07142857142857142,
      0.07142857142857142,
      0.07857142857142857,
      0.07857142857142857,
      0.09285714285714286,
      0.09285714285714286,
      0.10714285714285714,
      0.10714285714285714,
      0.12857142857142856,
      0.12857142857142856,
      0.14285714285714285,
      0.14285714285714285,
      0.16428571428571428,
      0.16428571428571428,
      0.17142857142857143,
      0.17142857142857143,
      0.2,
      0.2,
      0.20714285714285716,
      0.20714285714285716,
      0.2857142857142857,
      0.2857142857142857,
      0.32857142857142857,
      0.32857142857142857,
      0.3357142857142857,
      0.3357142857142857,
      0.35714285714285715,
      0.35714285714285715,
      0.4785714285714286,
      0.4785714285714286,
      0.5,
      0.5,
      0.7,
      0.7,
      0.7071428571428572,
      0.7071428571428572,
      0.8142857142857143,
      0.8142857142857143,
      0.8714285714285714,
      0.8714285714285714,
      1.0
    ],
    "thresholds": [
      Infinity,
      0.9304574218894122,
      0.9121201514425397,
      0.9086722972061831,
      0.8467612234420295,
      0.8382989063182446,
      0.8105408877686576,
      0.8004854147124101,
      0.7967837293545273,
      0.7932282361123328,
      0.7773733483767212,
      0.770522082072523,
      0.7650284621896858,
      0.7591214620055655,
      0.7583618491142492,
      0.7541096176411184,
      0.753391167976265,
      0.7499688841866219,
      0.7182599720340189,
      0.7105709977398044,
      0.7079616684359049,
      0.6789298175097845,
      0.6738035474055089,
      0.6703925873302692,
      0.6647831736169624,
      0.65043676711571,
      0.631643447812693,
      0.627555658923583,
      0.6162432830860934,
      0.600321751897796,
      0.5982624853002029,
      0.5923837102962374,
      0.5804965609687769,
      0.570057228605103,
      0.5680346936172009,
      0.5627873532994822,
      0.5597176421199374,
      0.5095075719617769,
      0.5092405865776968,
      0.4945072660550045,
      0.4865667193228691,
      0.4858402539556102,
      0.4771663026802207,
      0.4521070071468824,
      0.4496874164505225,
      0.3708862942345039,
      0.36953936238696444,
      0.3511329401985135,
      0.34468756011343665,
      0.2516689328932299,
      0.23361235470043196,
      0.22973443331550136,
      0.2279916133491304,
      0.1798001562375765,
      0.1733519976139213,
      0.13543381149240283,
      0.13432218658901626,
      0.033368755478803296
    ],
    "tpr": [
      0.0,
      0.0,
      0.06666666666666667,
      0.06666666666666667,
      0.16666666666666666,
      0.16666666666666666,
      0.21666666666666667,
      0.21666666666666667,
      0.23333333333333334,
      0.23333333333333334,
      0.3,
      0.3,
      0.3333333333333333,
      0.3333333333333333,
      0.35,
      0.35,
      0.36666666666666664,
      0.36666666666666664,
      0.4666666666666667,
      0.4666666666666667,
      0.5,
      0.5,
      0.5166666666666667,
      0.5166666666666667,
      0.55,
      0.55,
      0.6,
      0.6,
      0.6666666666666666,
      0.6666666666666666,
      0.6833333333333333,
      0.6833333333333333,
      0.7166666666666667,
      0.7166666666666667,
      0.7333333333333333,
      0.7333333333333333,
      0.7666666666666667,
      0.7666666666666667,
      0.7833333333333333,
      0.7833333333333333,
      0.8166666666666667,
      0.8166666666666667,
      0.8333333333333334,
      0.8333333333333334,
      0.85,
      0.85,
      0.8666666666666667,
      0.8666666666666667,
      0.8833333333333333,
      0.8833333333333333,
      0.9333333333333333,
      0.9333333333333333,
      0.95,
      0.95,
      0.9833333333333333,
      0.9833333333333333,
      1.0,
      1.0
    ]
  }
}