{
  "avg_precision": 0.5933436316572498,
  "best_params": {
    "model__learning_rate": 0.05,
    "model__min_child_samples": 50,
    "model__n_estimators": 200,
    "model__num_leaves": 31
  },
  "brier": 0.18655057798298372,
  "confusion_at_thresholds": {
    "0.2": {
      "accuracy": 0.585,
      "fn": 7,
      "fp": 76,
      "threshold": 0.2,
      "tn": 64,
      "tp": 53
    },
    "0.35": {
      "accuracy": 0.665,
      "fn": 14,
      "fp": 53,
      "threshold": 0.35,
      "tn": 87,
      "tp": 46
    },
    "0.5": {
      "accuracy": 0.69,
      "fn": 22,
      "fp": 40,
      "threshold": 0.5,
      "tn": 100,
      "tp": 38
    }
  },
  "default_rate": 0.3,
  "model_name": "lightgbm",
  "model_version": "20260201_200226_27e581b",
  "n": 200,
  "roc_auc": 0.7636904761904761,
  "roc_curve": {
    "fpr": [
      0.0,
      0.0,
      0.0,
      0.014285714285714285,
      0.014285714285714285,
      0.02142857142857143,
      0.02142857142857143,
      0.03571428571428571,
      0.03571428571428571,
      0.05,
      0.05,
      0.08571428571428572,
      0.08571428571428572,
      0.1,
      0.1,
      0.11428571428571428,
      0.11428571428571428,
      0.17142857142857143,
      0.17142857142857143,
      0.19285714285714287,
      0.19285714285714287,
      0.20714285714285716,
      0.20714285714285716,
      0.25,
      0.25,
      0.2714285714285714,
      0.2714285714285714,
      0.2785714285714286,
      0.2785714285714286,
      0.29285714285714287,
      0.29285714285714287,
      0.30714285714285716,
      0.30714285714285716,
      0.3142857142857143,
      0.3142857142857143,
      0.32142857142857145,
      0.32142857142857145,
      0.34285714285714286,
      0.34285714285714286,
      0.35,
      0.35,
      0.39285714285714285,
      0.39285714285714285,
      0.4142857142857143,
      0.4142857142857143,
      0.45714285714285713,
      0.45714285714285713,
      0.4928571428571429,
      0.4928571428571429,
      0.5071428571428571,
      0.5071428571428571,
      0.5357142857142857,
      0.5357142857142857,
      0.6071428571428571,
      0.6071428571428571,
      0.6357142857142857,
      0.6357142857142857,
      0.6714285714285714,
      0.6714285714285714,
      0.7,
      0.7,
      0.7071428571428572,
      0.7071428571428572,
      0.7642857142857142,
      0.7642857142857142,
      0.9,
      0.9,
      1.0
    ],
    "thresholds": [
      Infinity,
      0.9697837217879937,
      0.9513583367790724,
      0.9332921534662558,
      0.9143753849016986,
      0.9061303400576356,
      0.8949201855346544,
      0.8918355318256584,
      0.8896905114224273,
      0.8872239756599126,
      0.7885228963087701,
      0.7064323541276568,
      0.673686697771249,
      0.6583774244652052,
      0.6511629938518223,
      0.6398009364433668,
      0.6308164441773798,
      0.5905119388050786,
      0.5837425843713754,
      0.5757674430002798,
      0.5707604576422384,
      0.5601108751840952,
      0.5560223106459062,
      0.5295156590082689,
      0.5275337484366959,
      0.51638199634031,
      0.5086483034201809,
      0.5067408871127467,
      0.5060054408027039,
      0.4930953429698874,
      0.4782927701954494,
      0.4648133651263376,
      0.445349901255424,
      0.4416291379563113,
      0.4383159142861467,
      0.4352302927968318,
      0.43432180955338556,
      0.4011366977778446,
      0.39901346417850614,
      0.3943871339623715,
      0.38302720681157193,
      0.3318379440119083,
      0.3300831239218071,
      0.3149652234370839,
      0.3103068571113846,
      0.27543209486186804,
      0.26441476192917746,
      0.24212904967803298,
      0.2419665466255252,
      0.22281395029376788,
      0.21925307609838818,
      0.21163617351597244,
      0.211397479806742,
      0.16885668275812205,
      0.16696688315348085,
      0.1588661361904048,
      0.15824950952793115,
      0.12999573610492096,
      0.12983783736095078,
      0.120320038522518,
      0.11738350251211388,
      0.11697462941033861,
      0.10861422239255214,
      0.08410029168455938,
      0.08049022031725275,
      0.038912418131600096,
      0.03872300897810485,
      0.006824512088833256
    ],
    "tpr": [
      0.0,
      0.016666666666666666,
      0.05,
      0.05,
      0.1,
      0.1,
      0.18333333333333332,
      0.18333333333333332,
      0.2,
      0.2,
      0.4,
      0.4,
      0.43333333333333335,
      0.43333333333333335,
      0.45,
      0.45,
      0.4666666666666667,
      0.4666666666666667,
      0.5,
      0.5,
      0.5333333333333333,
      0.5333333333333333,
      0.5666666666666667,
      0.5666666666666667,
      0.5833333333333334,
      0.5833333333333334,
      0.6,
      0.6,
      0.6333333333333333,
      0.6333333333333333,
      0.65,
      0.65,
      0.7,
      0.7,
      0.7166666666666667,
      0.7166666666666667,
      0.7333333333333333,
      0.7333333333333333,
      0.75,
      0.75,
      0.7666666666666667,
      0.7666666666666667,
      0.7833333333333333,
      0.7833333333333333,
      0.8,
      0.8,
      0.8333333333333334,
      0.8333333333333334,
      0.85,
      0.85,
      0.8666666666666667,
      0.8666666666666667,
      0.8833333333333333,
      0.8833333333333333,
      0.9,
      0.9,
      0.9166666666666666,
      0.9166666666666666,
      0.9333333333333333,
      0.9333333333333333,
      0.95,
      0.95,
      0.9666666666666667,
      0.9666666666666667,
      0.9833333333333333,
      0.9833333333333333,
      1.0,
      1.0
    ]
  }
}