{
  "avg_precision": 0.5976545495850685,
  "best_params": {
    "model__colsample_bytree": 0.7,
    "model__learning_rate": 0.03,
    "model__max_depth": 6,
    "model__min_child_samples": 10,
    "model__min_split_gain": 0.05,
    "model__n_estimators": 400,
    "model__num_leaves": 63,
    "model__reg_alpha": 1.0,
    "model__reg_lambda": 0.5,
    "model__subsample": 0.85
  },
  "brier": 0.18903389082765046,
  "confusion_at_thresholds": {
    "0.2": {
      "accuracy": 0.575,
      "fn": 9,
      "fp": 76,
      "threshold": 0.2,
      "tn": 64,
      "tp": 51
    },
    "0.35": {
      "accuracy": 0.665,
      "fn": 14,
      "fp": 53,
      "threshold": 0.35,
      "tn": 87,
      "tp": 46
    },
    "0.5": {
      "accuracy": 0.73,
      "fn": 23,
      "fp": 31,
      "threshold": 0.5,
      "tn": 109,
      "tp": 37
    }
  },
  "default_rate": 0.3,
  "model_name": "lightgbm",
  "model_version": "20260201_203503_27e581b",
  "n": 200,
  "roc_auc": 0.7605952380952381,
  "roc_curve": {
    "fpr": [
      0.0,
      0.0,
      0.0,
      0.007142857142857143,
      0.007142857142857143,
      0.014285714285714285,
      0.014285714285714285,
      0.02857142857142857,
      0.02857142857142857,
      0.03571428571428571,
      0.03571428571428571,
      0.04285714285714286,
      0.04285714285714286,
      0.05714285714285714,
      0.05714285714285714,
      0.06428571428571428,
      0.06428571428571428,
      0.07857142857142857,
      0.07857142857142857,
      0.1,
      0.1,
      0.12142857142857143,
      0.12142857142857143,
      0.12857142857142856,
      0.12857142857142856,
      0.15,
      0.15,
      0.16428571428571428,
      0.16428571428571428,
      0.17142857142857143,
      0.17142857142857143,
      0.18571428571428572,
      0.18571428571428572,
      0.20714285714285716,
      0.20714285714285716,
      0.21428571428571427,
      0.21428571428571427,
      0.24285714285714285,
      0.24285714285714285,
      0.2714285714285714,
      0.2714285714285714,
      0.2857142857142857,
      0.2857142857142857,
      0.3,
      0.3,
      0.3142857142857143,
      0.3142857142857143,
      0.34285714285714286,
      0.34285714285714286,
      0.35,
      0.35,
      0.35714285714285715,
      0.35714285714285715,
      0.38571428571428573,
      0.38571428571428573,
      0.39285714285714285,
      0.39285714285714285,
      0.4714285714285714,
      0.4714285714285714,
      0.4785714285714286,
      0.4785714285714286,
      0.55,
      0.55,
      0.6214285714285714,
      0.6214285714285714,
      0.6571428571428571,
      0.6571428571428571,
      0.6785714285714286,
      0.6785714285714286,
      0.7214285714285714,
      0.7214285714285714,
      0.7571428571428571,
      0.7571428571428571,
      0.8142857142857143,
      0.8142857142857143,
      0.8285714285714286,
      0.8285714285714286,
      1.0
    ],
    "thresholds": [
      Infinity,
      0.951367594517014,
      0.8981426981109458,
      0.8975959329454691,
      0.8930521122574918,
      0.884362317778239,
      0.8828106136674758,
      0.8800962987394614,
      0.8795204748519159,
      0.8787913692872061,
      0.8753482471497347,
      0.8723708782945737,
      0.8218272502685235,
      0.8049561988260854,
      0.791057620438511,
      0.7898126077319099,
      0.7822105128426797,
      0.7732292328036481,
      0.7684274883587372,
      0.7456731645802611,
      0.7430361436325736,
      0.6851151832878825,
      0.648147332834206,
      0.6418497005378337,
      0.6394047540744958,
      0.6274823403141272,
      0.6198245144842207,
      0.6108240600338389,
      0.6035630023694274,
      0.5945036544121718,
      0.5821690769110915,
      0.5772790537574799,
      0.577124773673985,
      0.551444723825609,
      0.5415043677684952,
      0.5242572858444047,
      0.5178012465710315,
      0.48345140961987854,
      0.4813118948687108,
      0.47150296949153997,
      0.47073194013153075,
      0.46613949571789887,
      0.46237807035519873,
      0.445494855257161,
      0.42875178765765193,
      0.42085519434991664,
      0.42021897461385954,
      0.40581121783412516,
      0.4016024459352596,
      0.3919285573676942,
      0.3808904266745992,
      0.3804925184923706,
      0.37340876806653106,
      0.34950499886376074,
      0.348836081055999,
      0.3440107999170878,
      0.33471269560244055,
      0.2735220653897981,
      0.2721734644365432,
      0.2696604341983396,
      0.2544945122672059,
      0.17824829772879383,
      0.1743162628981492,
      0.14828956310870453,
      0.14708194977091343,
      0.13652226330766823,
      0.13494726743316457,
      0.11877096317345764,
      0.11852041363813609,
      0.10926361773425301,
      0.10890090301325317,
      0.09710419116524116,
      0.08272646219743635,
      0.06786761032612787,
      0.06749986956844911,
      0.06054054689319354,
      0.05970399115863545,
      0.009024194567261385
    ],
    "tpr": [
      0.0,
      0.016666666666666666,
      0.08333333333333333,
      0.08333333333333333,
      0.1,
      0.1,
      0.11666666666666667,
      0.11666666666666667,
      0.13333333333333333,
      0.13333333333333333,
      0.15,
      0.15,
      0.2833333333333333,
      0.2833333333333333,
      0.36666666666666664,
      0.36666666666666664,
      0.38333333333333336,
      0.38333333333333336,
      0.4,
      0.4,
      0.4166666666666667,
      0.4166666666666667,
      0.45,
      0.45,
      0.4666666666666667,
      0.4666666666666667,
      0.48333333333333334,
      0.48333333333333334,
      0.5166666666666667,
      0.5166666666666667,
      0.5333333333333333,
      0.5333333333333333,
      0.55,
      0.55,
      0.5833333333333334,
      0.5833333333333334,
      0.6166666666666667,
      0.6166666666666667,
      0.6333333333333333,
      0.6333333333333333,
      0.65,
      0.65,
      0.6666666666666666,
      0.6666666666666666,
      0.7,
      0.7,
      0.7166666666666667,
      0.7166666666666667,
      0.7333333333333333,
      0.7333333333333333,
      0.75,
      0.75,
      0.7666666666666667,
      0.7666666666666667,
      0.7833333333333333,
      0.7833333333333333,
      0.8,
      0.8,
      0.8166666666666667,
      0.8166666666666667,
      0.85,
      0.85,
      0.8666666666666667,
      0.8666666666666667,
      0.8833333333333333,
      0.8833333333333333,
      0.9,
      0.9,
      0.9166666666666666,
      0.9166666666666666,
      0.9333333333333333,
      0.9333333333333333,
      0.9666666666666667,
      0.9666666666666667,
      0.9833333333333333,
      0.9833333333333333,
      1.0,
      1.0
    ]
  }
}