{
  "avg_precision": 0.6152889179325393,
  "best_params": {
    "model__learning_rate": 0.05,
    "model__min_child_samples": 20,
    "model__n_estimators": 200,
    "model__num_leaves": 31
  },
  "brier": 0.1930586577688226,
  "confusion_at_thresholds": {
    "0.2": {
      "accuracy": 0.655,
      "fn": 16,
      "fp": 53,
      "threshold": 0.2,
      "tn": 87,
      "tp": 44
    },
    "0.35": {
      "accuracy": 0.685,
      "fn": 25,
      "fp": 38,
      "threshold": 0.35,
      "tn": 102,
      "tp": 35
    },
    "0.5": {
      "accuracy": 0.715,
      "fn": 30,
      "fp": 27,
      "threshold": 0.5,
      "tn": 113,
      "tp": 30
    }
  },
  "default_rate": 0.3,
  "model_name": "lightgbm",
  "model_version": "20260201_191342_27e581b",
  "n": 200,
  "roc_auc": 0.7580952380952382,
  "roc_curve": {
    "fpr": [
      0.0,
      0.0,
      0.0,
      0.007142857142857143,
      0.007142857142857143,
      0.014285714285714285,
      0.014285714285714285,
      0.02142857142857143,
      0.02142857142857143,
      0.03571428571428571,
      0.03571428571428571,
      0.05,
      0.05,
      0.06428571428571428,
      0.06428571428571428,
      0.07142857142857142,
      0.07142857142857142,
      0.11428571428571428,
      0.11428571428571428,
      0.12142857142857143,
      0.12142857142857143,
      0.19285714285714287,
      0.19285714285714287,
      0.2,
      0.2,
      0.2357142857142857,
      0.2357142857142857,
      0.25,
      0.25,
      0.2642857142857143,
      0.2642857142857143,
      0.2785714285714286,
      0.2785714285714286,
      0.2857142857142857,
      0.2857142857142857,
      0.3,
      0.3,
      0.30714285714285716,
      0.30714285714285716,
      0.32857142857142857,
      0.32857142857142857,
      0.35714285714285715,
      0.35714285714285715,
      0.38571428571428573,
      0.38571428571428573,
      0.4142857142857143,
      0.4142857142857143,
      0.4357142857142857,
      0.4357142857142857,
      0.4857142857142857,
      0.4857142857142857,
      0.5571428571428572,
      0.5571428571428572,
      0.6214285714285714,
      0.6214285714285714,
      0.6785714285714286,
      0.6785714285714286,
      0.75,
      0.75,
      0.8142857142857143,
      0.8142857142857143,
      0.9571428571428572,
      0.9571428571428572,
      1.0
    ],
    "thresholds": [
      Infinity,
      0.9900447820125371,
      0.972170559860862,
      0.9721647256509102,
      0.96219052451176,
      0.9608032105680516,
      0.9286883772566311,
      0.9252718508586565,
      0.8987920341900959,
      0.8785465849480127,
      0.8664365653103974,
      0.8511569763052915,
      0.8168932539542958,
      0.7943099206293951,
      0.7900574500418931,
      0.7878787629508258,
      0.7435389981103997,
      0.7123263438486565,
      0.6930190994265797,
      0.6896551759724268,
      0.613150215054151,
      0.5178943978045436,
      0.5047934870605022,
      0.49214536708693213,
      0.4888655412868071,
      0.46681951825518914,
      0.4478666901586757,
      0.37072686767701835,
      0.3636288798939286,
      0.3618088382915981,
      0.35267335964354446,
      0.34975111068798265,
      0.3478945936641328,
      0.34571355976058166,
      0.3430582998144986,
      0.32551970475359515,
      0.3249102589479851,
      0.32143353394885044,
      0.3143856425396885,
      0.2907733226866236,
      0.2844396428047894,
      0.23427487278761752,
      0.2244530290511101,
      0.1989107449569017,
      0.19495840576070547,
      0.18613575273484032,
      0.18348844595444022,
      0.17034616324893143,
      0.167516829641252,
      0.13994454144730903,
      0.11705106905021614,
      0.0868905613264093,
      0.08614622801579372,
      0.050745392673664375,
      0.04905228695400173,
      0.03432770659471422,
      0.0319671156385614,
      0.019406963795885343,
      0.017239887049705423,
      0.010657068280733232,
      0.010534877679404442,
      0.002830808679065073,
      0.0027011947379800595,
      0.0005574314681706439
    ],
    "tpr": [
      0.0,
      0.016666666666666666,
      0.06666666666666667,
      0.06666666666666667,
      0.1,
      0.1,
      0.21666666666666667,
      0.21666666666666667,
      0.3,
      0.3,
      0.31666666666666665,
      0.31666666666666665,
      0.3333333333333333,
      0.3333333333333333,
      0.35,
      0.35,
      0.4166666666666667,
      0.4166666666666667,
      0.43333333333333335,
      0.43333333333333335,
      0.4666666666666667,
      0.4666666666666667,
      0.5,
      0.5,
      0.5166666666666667,
      0.5166666666666667,
      0.55,
      0.55,
      0.5666666666666667,
      0.5666666666666667,
      0.5833333333333334,
      0.5833333333333334,
      0.6166666666666667,
      0.6166666666666667,
      0.65,
      0.65,
      0.6666666666666666,
      0.6666666666666666,
      0.6833333333333333,
      0.6833333333333333,
      0.7,
      0.7,
      0.7333333333333333,
      0.7333333333333333,
      0.75,
      0.75,
      0.7666666666666667,
      0.7666666666666667,
      0.7833333333333333,
      0.7833333333333333,
      0.8833333333333333,
      0.8833333333333333,
      0.9,
      0.9,
      0.9333333333333333,
      0.9333333333333333,
      0.95,
      0.95,
      0.9666666666666667,
      0.9666666666666667,
      0.9833333333333333,
      0.9833333333333333,
      1.0,
      1.0
    ]
  }
}