{
  "avg_precision": 0.6571793422793045,
  "best_params": {
    "model__C": 0.05,
    "model__penalty": "l2"
  },
  "brier": 0.18425025548601415,
  "confusion_at_thresholds": {
    "0.2": {
      "accuracy": 0.42,
      "fn": 1,
      "fp": 115,
      "threshold": 0.2,
      "tn": 25,
      "tp": 59
    },
    "0.35": {
      "accuracy": 0.61,
      "fn": 7,
      "fp": 71,
      "threshold": 0.35,
      "tn": 69,
      "tp": 53
    },
    "0.5": {
      "accuracy": 0.725,
      "fn": 12,
      "fp": 43,
      "threshold": 0.5,
      "tn": 97,
      "tp": 48
    }
  },
  "default_rate": 0.3,
  "model_name": "logreg",
  "model_version": "20260201_185605_27e581b",
  "n": 200,
  "roc_auc": 0.8095238095238095,
  "roc_curve": {
    "fpr": [
      0.0,
      0.0,
      0.007142857142857143,
      0.007142857142857143,
      0.014285714285714285,
      0.014285714285714285,
      0.02142857142857143,
      0.02142857142857143,
      0.02857142857142857,
      0.02857142857142857,
      0.03571428571428571,
      0.03571428571428571,
      0.04285714285714286,
      0.04285714285714286,
      0.05714285714285714,
      0.05714285714285714,
      0.07142857142857142,
      0.07142857142857142,
      0.07857142857142857,
      0.07857142857142857,
      0.1,
      0.1,
      0.12857142857142856,
      0.12857142857142856,
      0.1357142857142857,
      0.1357142857142857,
      0.14285714285714285,
      0.14285714285714285,
      0.15,
      0.15,
      0.15714285714285714,
      0.15714285714285714,
      0.16428571428571428,
      0.16428571428571428,
      0.17857142857142858,
      0.17857142857142858,
      0.19285714285714287,
      0.19285714285714287,
      0.22857142857142856,
      0.22857142857142856,
      0.2642857142857143,
      0.2642857142857143,
      0.3,
      0.3,
      0.32857142857142857,
      0.32857142857142857,
      0.35,
      0.35,
      0.37857142857142856,
      0.37857142857142856,
      0.4857142857142857,
      0.4857142857142857,
      0.6714285714285714,
      0.6714285714285714,
      0.6857142857142857,
      0.6857142857142857,
      0.7,
      0.7,
      0.8071428571428572,
      0.8071428571428572,
      0.8214285714285714,
      0.8214285714285714,
      0.8714285714285714,
      0.8714285714285714,
      1.0
    ],
    "thresholds": [
      Infinity,
      0.9010657442192905,
      0.8972257781048919,
      0.8855456399224511,
      0.8849214440969988,
      0.8200403147238645,
      0.8087088609979449,
      0.7838721154503046,
      0.7779737146001667,
      0.7444356905528922,
      0.7433351045246683,
      0.7346926764450024,
      0.7322137208898185,
      0.7252501658002926,
      0.7204681951362548,
      0.7201212422391053,
      0.7141283965186941,
      0.7050934163600193,
      0.690846130123213,
      0.6720953807483996,
      0.6548122889170307,
      0.6536678713742097,
      0.6288081471375538,
      0.6256527028819489,
      0.6239386153451473,
      0.6173455642064251,
      0.6156530989414699,
      0.6122979155678163,
      0.6108434640692042,
      0.610078724320332,
      0.6082787100672805,
      0.5906277031082674,
      0.5905326120692788,
      0.5748659564682156,
      0.5616349687919971,
      0.5566921813618048,
      0.5557181867494935,
      0.5538748879973615,
      0.5481359271085281,
      0.547963172776879,
      0.5249647094011506,
      0.5244944231914255,
      0.5118792612149273,
      0.5032029065388637,
      0.48708442425022896,
      0.48487183694946895,
      0.46523718608068704,
      0.4635197179445034,
      0.4433013230924679,
      0.44254352903368527,
      0.3854198985067178,
      0.3736665324963265,
      0.2921445223234125,
      0.28947737871659124,
      0.2871529597368716,
      0.2790023400959959,
      0.2654254878548518,
      0.2609595237412438,
      0.21368110542230137,
      0.21207605569862256,
      0.20715229233466476,
      0.20208854312537092,
      0.17297802461245856,
      0.1717486440812943,
      0.05071019578331823
    ],
    "tpr": [
      0.0,
      0.016666666666666666,
      0.016666666666666666,
      0.06666666666666667,
      0.06666666666666667,
      0.15,
      0.15,
      0.21666666666666667,
      0.21666666666666667,
      0.3,
      0.3,
      0.35,
      0.35,
      0.36666666666666664,
      0.36666666666666664,
      0.38333333333333336,
      0.38333333333333336,
      0.43333333333333335,
      0.43333333333333335,
      0.5166666666666667,
      0.5166666666666667,
      0.5333333333333333,
      0.5333333333333333,
      0.5666666666666667,
      0.5666666666666667,
      0.6,
      0.6,
      0.6333333333333333,
      0.6333333333333333,
      0.65,
      0.65,
      0.6833333333333333,
      0.6833333333333333,
      0.7,
      0.7,
      0.7166666666666667,
      0.7166666666666667,
      0.7333333333333333,
      0.7333333333333333,
      0.75,
      0.75,
      0.7666666666666667,
      0.7666666666666667,
      0.8,
      0.8,
      0.8166666666666667,
      0.8166666666666667,
      0.8333333333333334,
      0.8333333333333334,
      0.85,
      0.85,
      0.8833333333333333,
      0.8833333333333333,
      0.9,
      0.9,
      0.9166666666666666,
      0.9166666666666666,
      0.95,
      0.95,
      0.9666666666666667,
      0.9666666666666667,
      0.9833333333333333,
      0.9833333333333333,
      1.0,
      1.0
    ]
  }
}